Model_Code,A,B,C,D,E,Agriculture,Developed,Water,UN,UE
10080_1_2_3_7,9,5.0,86.0,,,0,0,0,0,0
10090_19,21,68.0,11.0,,,0,0,0,0,0
10110_15,7,35.0,58.0,,,0,0,0,0,0
10110_16_23_24,49,24.0,6.0,18.0,3.0,0,0,0,0,0
10110_20_29,17,18.0,25.0,26.0,14.0,0,0,0,0,0
10110_21,9,24.0,25.0,27.0,15.0,0,0,0,0,0
10110_22,8,34.0,58.0,,,0,0,0,0,0
10110_27,7,35.0,58.0,,,0,0,0,0,0
10110_28,7,35.0,58.0,,,0,0,0,0,0
10110_6_10_12_17_18_19,14,40.0,45.0,1.0,,0,0,0,0,0
10110_7,27,18.0,18.0,24.0,13.0,0,0,0,0,0
10110_9,48,22.0,13.0,14.0,3.0,0,0,0,0,0
10120_16_27,8,18.0,74.0,,,0,0,0,0,0
10120_17_18_21,8,18.0,74.0,,,0,0,0,0,0
10130_31_38_39_40,18,17.0,35.0,30.0,,0,0,0,0,0
10140_4_5,7,47.0,46.0,,,0,0,0,0,0
10150_2_3_4,1,7.0,92.0,,,0,0,0,0,0
10160_13_14,2,7.0,27.0,64.0,,0,0,0,0,0
10160_15_28,10,21.0,25.0,34.0,10.0,0,0,0,0,0
10160_16_23_24_25,9,21.0,24.0,38.0,8.0,0,0,0,0,0
10160_17,9,21.0,24.0,38.0,8.0,0,0,0,0,0
10160_22,6,27.0,67.0,,,0,0,0,0,0
10170_6_7_8_9_12_18,2,7.0,18.0,43.0,30.0,0,0,0,0,0
10180_1_7,4,36.0,11.0,11.0,38.0,0,0,0,0,0
10190_13_14,2,7.0,27.0,64.0,,0,0,0,0,0
10190_15,2,7.0,27.0,64.0,,0,0,0,0,0
10190_4,1,5.0,32.0,25.0,37.0,0,0,0,0,0
10190_6_7_9_12_16_17_18_19,9,12.0,22.0,57.0,,0,0,0,0,0
10200_13,14,16.0,70.0,,,0,0,0,0,0
10200_6_9_12_17,19,21.0,60.0,,,0,0,0,0,0
10210_2_3_6_7,19,1.0,24.0,53.0,3.0,0,0,0,0,0
10220_2_3_6_7,18,2.0,23.0,54.0,3.0,0,0,0,0,0
10230_14_15_24_25,21,37.0,25.0,17.0,,0,0,0,0,0
10240_14_15_24,21,37.0,25.0,17.0,,0,0,0,0,0
10240_25_27,7,7.0,34.0,52.0,,0,0,0,0,0
10240_26,29,6.0,65.0,,,0,0,0,0,0
10250_14_15_24_25_26,5,57.0,38.0,,,0,0,0,0,0
10260_15,13,8.0,14.0,64.0,1.0,0,0,0,0,0
10270_2_3_7,11,4.0,8.0,63.0,14.0,0,0,0,0,0
10270_4_5_6,21,8.0,26.0,41.0,4.0,0,0,0,0,0
10280_2_3,16,14.0,18.0,35.0,17.0,0,0,0,0,0
10280_4_6_7_12,19,14.0,21.0,27.0,19.0,0,0,0,0,0
10290_2_3_4_5_6_7_12,11,4.0,21.0,54.0,10.0,0,0,0,0,0
10300_2_3_4_5_6_7,12,30.0,58.0,,,0,0,0,0,0
10310_2_3_4_5_6_12,17,6.0,31.0,1.0,45.0,0,0,0,0,0
10310_7,6,15.0,17.0,61.0,1.0,0,0,0,0,0
10320_2_3_7,13,19.0,22.0,26.0,20.0,0,0,0,0,0
10321_6,17,19.0,17.0,26.0,21.0,0,0,0,0,0
10322_6,8,10.0,20.0,45.0,17.0,0,0,0,0,0
10330_12,25,22.0,53.0,,,0,0,0,0,0
10330_3_6_7,40,11.0,49.0,,,0,0,0,0,0
10340_4_6_7,23,23.0,54.0,,,0,0,0,0,0
10350_1_2_7,6,10.0,9.0,44.0,31.0,0,0,0,0,0
10360_1_2,5,9.0,2.0,11.0,73.0,0,0,0,0,0
10370_1_2_7,6,17.0,6.0,16.0,55.0,0,0,0,0,0
10380_1_7,94,6.0,,,,0,0,0,0,0
10390_1_2_3_7,5,14.0,5.0,5.0,71.0,0,0,0,0,0
10411_1_7,1,5.0,4.0,4.0,86.0,0,0,0,0,0
10412_1_7,16,19.0,21.0,11.0,33.0,0,0,0,0,0
10420_1_7,2,11.0,1.0,4.0,82.0,0,0,0,0,0
10430_5,9,28.0,63.0,,,0,0,0,0,0
10431_2_3_6_7,17,17.0,19.0,27.0,20.0,0,0,0,0,0
10432_2_3,12,16.0,15.0,30.0,27.0,0,0,0,0,0
10440_3_6_7,3,8.0,13.0,29.0,47.0,0,0,0,0,0
10450_1_7_8_9,9,11.0,39.0,32.0,9.0,0,0,0,0,0
10450_21,31,22.0,29.0,13.0,5.0,0,0,0,0,0
10451_10_19,16,14.0,38.0,27.0,5.0,0,0,0,0,0
10451_20,15,12.0,35.0,30.0,8.0,0,0,0,0,0
10452_10_19,9,14.0,24.0,29.0,24.0,0,0,0,0,0
10453_10_19,14,17.0,32.0,17.0,20.0,0,0,0,0,0
10454_20,14,47.0,17.0,6.0,16.0,0,0,0,0,0
10460_1_7_9,25,22.0,53.0,,,0,0,0,0,0
10460_10_19_20,30,31.0,12.0,5.0,22.0,0,0,0,0,0
10460_18,20,28.0,43.0,9.0,,0,0,0,0,0
10460_21,21,35.0,12.0,5.0,27.0,0,0,0,0,0
10470_10_19,12,35.0,6.0,9.0,38.0,0,0,0,0,0
10470_8_9,13,41.0,12.0,11.0,23.0,0,0,0,0,0
10472_10_19,7,41.0,7.0,4.0,41.0,0,0,0,0,0
10480_29,9,8.0,22.0,30.0,31.0,0,0,0,0,0
10490_16_22,33,27.0,40.0,,,0,0,0,0,0
10490_19_20_21_23_28_29,21,31.0,48.0,,,0,0,0,0,0
10500_16_23_28,19,50.0,31.0,,,0,0,0,0,0
10500_18,19,50.0,31.0,,,0,0,0,0,0
10500_22,15,40.0,45.0,,,0,0,0,0,0
10510_15_16_17_22_23_24_25,23,7.0,12.0,57.0,1.0,0,0,0,0,0
10510_18_21,23,7.0,12.0,57.0,1.0,0,0,0,0,0
10510_27,14,8.0,14.0,61.0,3.0,0,0,0,0,0
10510_28,6,3.0,27.0,36.0,28.0,0,0,0,0,0
10510_29,22,6.0,12.0,59.0,1.0,0,0,0,0,0
10510_6,22,7.0,12.0,58.0,1.0,0,0,0,0,0
10520_12,14,28.0,29.0,18.0,11.0,0,0,0,0,0
10520_13,12,29.0,15.0,33.0,11.0,0,0,0,0,0
10520_15,14,28.0,29.0,18.0,11.0,0,0,0,0,0
10520_16_23_24,16,28.0,28.0,17.0,11.0,0,0,0,0,0
10520_17,14,28.0,28.0,18.0,12.0,0,0,0,0,0
10520_18,14,28.0,29.0,18.0,11.0,0,0,0,0,0
10520_21,14,28.0,29.0,18.0,11.0,0,0,0,0,0
10520_25,14,28.0,28.0,18.0,12.0,0,0,0,0,0
10520_27,11,25.0,29.0,24.0,11.0,0,0,0,0,0
10520_28,8,38.0,25.0,14.0,15.0,0,0,0,0,0
10530_10_19,6,6.0,20.0,57.0,11.0,0,0,0,0,0
10531_1_7_8_9,13,9.0,25.0,47.0,6.0,0,0,0,0,0
10532_7_9,15,9.0,27.0,46.0,3.0,0,0,0,0,0
10540_13_14,13,10.0,18.0,58.0,1.0,0,0,0,0,0
10540_15_25,10,1.0,13.0,74.0,2.0,0,0,0,0,0
10540_16_23_24,12,5.0,10.0,68.0,5.0,0,0,0,0,0
10540_17,13,9.0,18.0,58.0,2.0,0,0,0,0,0
10540_20,9,2.0,18.0,67.0,4.0,0,0,0,0,0
10540_22,11,8.0,24.0,48.0,9.0,0,0,0,0,0
10540_26,10,2.0,5.0,74.0,9.0,0,0,0,0,0
10540_28,10,15.0,22.0,35.0,18.0,0,0,0,0,0
10540_29,6,19.0,13.0,53.0,9.0,0,0,0,0,0
10540_33,10,9.0,23.0,40.0,18.0,0,0,0,0,0
10541_27,11,3.0,10.0,73.0,3.0,0,0,0,0,0
10542_27,10,9.0,23.0,40.0,18.0,0,0,0,0,0
10550_1_8_9,7,17.0,40.0,24.0,12.0,0,0,0,0,0
10550_10_19,16,44.0,15.0,5.0,20.0,0,0,0,0,0
10550_15_28,14,19.0,18.0,17.0,32.0,0,0,0,0,0
10550_16_23_24,22,28.0,14.0,36.0,,0,0,0,0,0
10550_17,33,24.0,7.0,36.0,,0,0,0,0,0
10550_18,32,24.0,11.0,33.0,,0,0,0,0,0
10550_20,13,38.0,20.0,29.0,,0,0,0,0,0
10550_21_22,7,33.0,48.0,12.0,,0,0,0,0,0
10550_27,13,19.0,18.0,17.0,33.0,0,0,0,0,0
10550_29,17,34.0,8.0,10.0,31.0,0,0,0,0,0
10560_1_7_8_9,20,12.0,38.0,23.0,7.0,0,0,0,0,0
10560_10_19,16,26.0,20.0,38.0,,0,0,0,0,0
10560_15_28,13,19.0,18.0,17.0,33.0,0,0,0,0,0
10560_16_23,22,28.0,14.0,36.0,,0,0,0,0,0
10560_18,32,24.0,11.0,33.0,,0,0,0,0,0
10560_20,16,30.0,5.0,15.0,34.0,0,0,0,0,0
10560_21_22,9,19.0,7.0,42.0,23.0,0,0,0,0,0
10560_29,8,17.0,3.0,25.0,47.0,0,0,0,0,0
10570_12_16,18,21.0,61.0,,,0,0,0,0,0
10570_18,18,21.0,61.0,,,0,0,0,0,0
10570_23,18,21.0,61.0,,,0,0,0,0,0
10570_28,19,35.0,46.0,,,0,0,0,0,0
10570_29,18,28.0,54.0,,,0,0,0,0,0
10580_12,6,28.0,6.0,5.0,55.0,0,0,0,0,0
10580_4,8,10.0,12.0,62.0,8.0,0,0,0,0,0
10580_7,15,47.0,38.0,,,0,0,0,0,0
10581_6,6,28.0,6.0,5.0,55.0,0,0,0,0,0
10582_6,8,12.0,16.0,57.0,7.0,0,0,0,0,0
10590_24_28,10,4.0,19.0,67.0,,0,0,0,0,0
10590_25,10,18.0,30.0,33.0,9.0,0,0,0,0,0
10590_26,23,34.0,1.0,42.0,,0,0,0,0,0
10590_27_33,12,22.0,44.0,22.0,,0,0,0,0,0
10600_1_2_7,10,7.0,8.0,66.0,9.0,0,0,0,0,0
10610_13,26,51.0,13.0,8.0,2.0,0,0,0,0,0
10610_15_25,58,21.0,6.0,14.0,1.0,0,0,0,0,0
10610_18,12,34.0,27.0,25.0,2.0,0,0,0,0,0
10610_20_29,9,44.0,34.0,13.0,,0,0,0,0,0
10610_22_27_28,23,43.0,7.0,27.0,,0,0,0,0,0
10610_6,12,59.0,26.0,3.0,,0,0,0,0,0
10610_8_9_17,14,38.0,36.0,11.0,1.0,0,0,0,0,0
10611_16_23_24,58,21.0,6.0,14.0,1.0,0,0,0,0,0
10612_16_23,13,39.0,44.0,4.0,,0,0,0,0,0
10620_10_19_21_29_31,8,14.0,12.0,21.0,45.0,0,0,0,0,0
10620_13,8,14.0,12.0,22.0,44.0,0,0,0,0,0
10620_16_23,9,14.0,15.0,22.0,40.0,0,0,0,0,0
10620_22_28,4,19.0,13.0,64.0,,0,0,0,0,0
10620_6_12_17_18,8,14.0,12.0,21.0,45.0,0,0,0,0,0
10620_7_9,4,12.0,14.0,41.0,29.0,0,0,0,0,0
10630_1,22,78.0,,,,0,0,0,0,0
10630_2_7,39,61.0,,,,0,0,0,0,0
10640_15_16_17_23_24_27_28,9,70.0,21.0,,,0,0,0,0,0
10650_1_8_9_10,4,7.0,89.0,,,0,0,0,0,0
10660_16_23_24,10,90.0,,,,0,0,0,0,0
10660_22,100,,,,,0,0,0,0,0
10660_29,25,75.0,,,,0,0,0,0,0
10670_6,5,95.0,,,,0,0,0,0,0
10680_1_7,100,,,,,0,0,0,0,0
10700_10_19_28,13,87.0,,,,0,0,0,0,0
10700_16,13,87.0,,,,0,0,0,0,0
10700_21,10,90.0,,,,0,0,0,0,0
10710_6,13,87.0,,,,0,0,0,0,0
10720_22_29,32,68.0,,,,0,0,0,0,0
10720_28,16,84.0,,,,0,0,0,0,0
10740_25_26,17,83.0,,,,0,0,0,0,0
10750_25,25,34.0,41.0,,,0,0,0,0,0
10750_26,23,47.0,30.0,,,0,0,0,0,0
10760_25,26,74.0,,,,0,0,0,0,0
10760_26,100,,,,,0,0,0,0,0
10770_15,14,86.0,,,,0,0,0,0,0
10770_25_26,11,89.0,,,,0,0,0,0,0
10780_15,24,76.0,,,,0,0,0,0,0
10780_16_23_24_25,6,27.0,67.0,,,0,0,0,0,0
10790_13,18,58.0,18.0,6.0,,0,0,0,0,0
10790_6_9_10_12_16_17_18,13,63.0,16.0,8.0,,0,0,0,0,0
10800_1_7_8_9,19,52.0,29.0,,,0,0,0,0,0
10800_10_19,24,32.0,44.0,,,0,0,0,0,0
10800_13_14,15,46.0,27.0,9.0,3.0,0,0,0,0,0
10801_21_22_28,19,36.0,45.0,,,0,0,0,0,0
10802_21_22_28,26,44.0,30.0,,,0,0,0,0,0
10803_6_12_15_16_17_18_23_24_25,13,13.0,74.0,,,0,0,0,0,0
10804_6_12_15_16_17_18_23_24_25,16,16.0,24.0,24.0,20.0,0,0,0,0,0
10810_15_16_23_24_28,22,47.0,31.0,,,0,0,0,0,0
10810_18_19_21,16,84.0,,,,0,0,0,0,0
10810_22,25,75.0,,,,0,0,0,0,0
10810_27_33,4,60.0,36.0,,,0,0,0,0,0
10810_6_12_13_17,4,51.0,45.0,,,0,0,0,0,0
10810_7_8_9,7,42.0,51.0,,,0,0,0,0,0
10820_12_15_16_17_23_24,12,88.0,,,,0,0,0,0,0
10820_14,22,78.0,,,,0,0,0,0,0
10820_4_13,26,74.0,,,,0,0,0,0,0
10820_6,23,77.0,,,,0,0,0,0,0
10830_1,97,3.0,,,,0,0,0,0,0
10840_1,100,,,,,0,0,0,0,0
10850_20,34,26.0,40.0,,,0,0,0,0,0
10850_29_30,53,29.0,18.0,,,0,0,0,0,0
10860_13_16_17_18_21_23,6,18.0,70.0,6.0,,0,0,0,0,0
10860_25,14,16.0,6.0,14.0,50.0,0,0,0,0,0
10860_26,92,8.0,,,,0,0,0,0,0
10860_27_31_33,17,21.0,62.0,,,0,0,0,0,0
10860_28,14,16.0,6.0,10.0,54.0,0,0,0,0,0
10860_29,5,9.0,86.0,,,0,0,0,0,0
10861_22,6,21.0,73.0,,,0,0,0,0,0
10862_22,5,9.0,86.0,,,0,0,0,0,0
10870_4_6_12_13_14_15_17_24_25,15,85.0,,,,0,0,0,0,0
10880_12_13_14_25,13,87.0,,,,0,0,0,0,0
10880_4_5,13,87.0,,,,0,0,0,0,0
10900_14,16,84.0,,,,0,0,0,0,0
10910_13_14,4,13.0,83.0,,,0,0,0,0,0
10910_15,14,86.0,,,,0,0,0,0,0
10910_25,32,68.0,,,,0,0,0,0,0
10920_4,3,12.0,85.0,,,0,0,0,0,0
10930_13_15_16_23_24_28,23,76.0,1.0,,,0,0,0,0,0
10940_25,8,92.0,,,,0,0,0,0,0
10940_26,8,92.0,,,,0,0,0,0,0
10940_27_33,5,39.0,56.0,,,0,0,0,0,0
10940_31_38,5,38.0,57.0,,,0,0,0,0,0
10940_32_35,23,77.0,,,,0,0,0,0,0
10940_34,28,72.0,,,,0,0,0,0,0
10950_14,20,64.0,10.0,6.0,,0,0,0,0,0
10950_15,20,65.0,9.0,6.0,,0,0,0,0,0
10950_25,20,65.0,9.0,6.0,,0,0,0,0,0
10950_26_35,12,66.0,16.0,6.0,,0,0,0,0,0
10950_27,12,66.0,16.0,6.0,,0,0,0,0,0
10960_3,8,50.0,31.0,11.0,,0,0,0,0,0
10960_4,7,46.0,47.0,,,0,0,0,0,0
10970_3_6_7,14,86.0,,,,0,0,0,0,0
10970_4_5,10,90.0,,,,0,0,0,0,0
10980_3,26,29.0,45.0,,,0,0,0,0,0
10980_4,36,37.0,27.0,,,0,0,0,0,0
10980_6,27,29.0,44.0,,,0,0,0,0,0
10980_7,26,22.0,10.0,42.0,,0,0,0,0,0
10990_3,18,82.0,,,,0,0,0,0,0
10990_4,18,82.0,,,,0,0,0,0,0
11000_15,15,85.0,,,,0,0,0,0,0
11000_26,100,,,,,0,0,0,0,0
11002_25,26,74.0,,,,0,0,0,0,0
11003_25,17,83.0,,,,0,0,0,0,0
11010_25,10,30.0,60.0,,,0,0,0,0,0
11010_26,10,30.0,60.0,,,0,0,0,0,0
11020_13_15_16_23_24,3,5.0,13.0,36.0,43.0,0,0,0,0,0
11020_28,10,21.0,24.0,35.0,10.0,0,0,0,0,0
11030_6_7_12_13_16_17_23,17,83.0,,,,0,0,0,0,0
11040_13_14_25,11,89.0,,,,0,0,0,0,0
11040_15,3,6.0,18.0,73.0,,0,0,0,0,0
11040_17,17,83.0,,,,0,0,0,0,0
11040_23_24,25,46.0,5.0,3.0,21.0,0,0,0,0,0
11050_3_6_7,13,87.0,,,,0,0,0,0,0
11050_4_5,19,81.0,,,,0,0,0,0,0
11060_1_8_9,3,28.0,69.0,,,0,0,0,0,0
11060_10_19,9,46.0,45.0,,,0,0,0,0,0
11060_18,1,99.0,,,,0,0,0,0,0
11060_20_21_29,11,47.0,42.0,,,0,0,0,0,0
11060_22,11,53.0,36.0,,,0,0,0,0,0
11070_13,7,33.0,60.0,,,0,0,0,0,0
11070_15,8,46.0,17.0,29.0,,0,0,0,0,0
11070_17,7,33.0,60.0,,,0,0,0,0,0
11070_23_24,8,46.0,13.0,33.0,,0,0,0,0,0
11070_25_28,8,46.0,17.0,29.0,,0,0,0,0,0
11070_27_33,8,38.0,54.0,,,0,0,0,0,0
11071_16,12,34.0,54.0,,,0,0,0,0,0
11072_16,7,33.0,60.0,,,0,0,0,0,0
11080_17,63,37.0,,,,0,0,0,0,0
11080_4_5_13_14_15_24_25,21,79.0,,,,0,0,0,0,0
11090_14,6,19.0,75.0,,,0,0,0,0,0
11090_15_25,6,19.0,75.0,,,0,0,0,0,0
11090_4_13,5,19.0,76.0,,,0,0,0,0,0
11100_4,19,81.0,,,,0,0,0,0,0
11110_26,23,5.0,72.0,,,0,0,0,0,0
11110_27_33,14,4.0,82.0,,,0,0,0,0,0
11110_32_35,23,23.0,46.0,8.0,,0,0,0,0,0
11110_34,23,5.0,72.0,,,0,0,0,0,0
11120_4_5,5,63.0,32.0,,,0,0,0,0,0
11130_3,11,19.0,70.0,,,0,0,0,0,0
11130_4,11,19.0,70.0,,,0,0,0,0,0
11140_3_6_7,18,28.0,45.0,9.0,,0,0,0,0,0
11140_4_5,15,27.0,25.0,17.0,16.0,0,0,0,0,0
11150_10_19,3,2.0,6.0,23.0,66.0,0,0,0,0,0
11150_13,2,2.0,7.0,23.0,66.0,0,0,0,0,0
11150_14,2,2.0,6.0,23.0,67.0,0,0,0,0,0
11150_15_16_23_24,3,5.0,13.0,36.0,43.0,0,0,0,0,0
11150_17,2,2.0,7.0,23.0,66.0,0,0,0,0,0
11150_21_22,6,13.0,36.0,45.0,,0,0,0,0,0
11150_28,3,5.0,13.0,36.0,43.0,0,0,0,0,0
11160_15_25,5,57.0,38.0,,,0,0,0,0,0
11160_24,6,44.0,50.0,,,0,0,0,0,0
11160_26,25,42.0,2.0,31.0,,0,0,0,0,0
11170_13_15_28,11,2.0,23.0,60.0,4.0,0,0,0,0,0
11170_16_23_24,5,8.0,11.0,75.0,1.0,0,0,0,0,0
11170_20,1,10.0,19.0,67.0,3.0,0,0,0,0,0
11170_29,5,2.0,8.0,80.0,5.0,0,0,0,0,0
11170_33,9,19.0,4.0,64.0,4.0,0,0,0,0,0
11171_27,4,13.0,83.0,,,0,0,0,0,0
11172_27,9,19.0,4.0,64.0,4.0,0,0,0,0,0
11180_4,11,24.0,49.0,16.0,,0,0,0,0,0
11190_24_25,8,2.0,8.0,6.0,76.0,0,0,0,0,0
11190_26,23,34.0,1.0,42.0,,0,0,0,0,0
11190_27,8,13.0,9.0,8.0,62.0,0,0,0,0,0
11190_28,8,2.0,9.0,6.0,75.0,0,0,0,0,0
11190_34,15,23.0,62.0,,,0,0,0,0,0
11200_1_2_7,9,2.0,20.0,68.0,1.0,0,0,0,0,0
11210_14,20,64.0,10.0,6.0,,0,0,0,0,0
11210_15,20,65.0,10.0,5.0,,0,0,0,0,0
11210_24,21,65.0,10.0,4.0,,0,0,0,0,0
11210_25,18,34.0,48.0,,,0,0,0,0,0
11210_26,33,66.0,1.0,,,0,0,0,0,0
11210_27,20,72.0,8.0,,,0,0,0,0,0
11220_25,23,77.0,,,,0,0,0,0,0
11220_26,38,62.0,,,,0,0,0,0,0
11220_27,100,,,,,0,0,0,0,0
11230_1_7_8_9,3,81.0,16.0,,,0,0,0,0,0
11230_10_18,67,33.0,,,,0,0,0,0,0
11240_1_7_8_9,26,14.0,60.0,,,0,0,0,0,0
11240_10_12_17_18_19_21,11,52.0,37.0,,,0,0,0,0,0
11250_1_7_8_9_10_19,18,26.0,22.0,34.0,,0,0,0,0,0
11250_20_29_30_31_33,35,39.0,26.0,,,0,0,0,0,0
11250_6_12_13_15_16_17_18_23_24_25_28,25,49.0,26.0,,,0,0,0,0,0
11260_1_7_8_9_10_19,10,23.0,20.0,47.0,,0,0,0,0,0
11260_13,21,48.0,13.0,11.0,7.0,0,0,0,0,0
11260_20_29_33,23,51.0,26.0,,,0,0,0,0,0
11260_21,23,47.0,30.0,,,0,0,0,0,0
11260_22,13,9.0,26.0,52.0,,0,0,0,0,0
11260_6_12_17_18_28,21,48.0,13.0,11.0,7.0,0,0,0,0,0
11261_16_23_24,21,48.0,13.0,11.0,7.0,0,0,0,0,0
11262_16_23,10,33.0,57.0,,,0,0,0,0,0
11270_10_12_13_17_18,29,71.0,,,,0,0,0,0,0
11270_14,29,71.0,,,,0,0,0,0,0
11270_15,8,49.0,43.0,,,0,0,0,0,0
11270_16_23_24_25,10,51.0,39.0,,,0,0,0,0,0
11270_21,20,80.0,,,,0,0,0,0,0
11270_22,25,75.0,,,,0,0,0,0,0
11270_28,8,48.0,44.0,,,0,0,0,0,0
11270_7_8_9,15,15.0,70.0,,,0,0,0,0,0
11280_2_3_4,5,15.0,80.0,,,0,0,0,0,0
11290_4_5,66,34.0,,,,0,0,0,0,0
11300_3_4,88,12.0,,,,0,0,0,0,0
11310_2_3_4,51,41.0,8.0,,,0,0,0,0,0
11320_31_38,30,67.0,3.0,,,0,0,0,0,0
11320_32_34_35,39,37.0,24.0,,,0,0,0,0,0
11320_33,6,91.0,3.0,,,0,0,0,0,0
11330_25,43,57.0,,,,0,0,0,0,0
11340_10,29,71.0,,,,0,0,0,0,0
11340_8_9,5,67.0,28.0,,,0,0,0,0,0
11350_13_14,31,69.0,,,,0,0,0,0,0
11350_15_28,4,74.0,20.0,2.0,,0,0,0,0,0
11350_16_23_24,4,72.0,22.0,2.0,,0,0,0,0,0
11350_22,4,74.0,20.0,2.0,,0,0,0,0,0
11350_25,4,74.0,18.0,4.0,,0,0,0,0,0
11350_7_8_9_10_12_17_18,18,82.0,,,,0,0,0,0,0
11360_6,3,97.0,,,,0,0,0,0,0
11370_3_6,5,47.0,48.0,,,0,0,0,0,0
11380_1,2,98.0,,,,0,0,0,0,0
11380_3_5,21,79.0,,,,0,0,0,0,0
11380_6,30,70.0,,,,0,0,0,0,0
11390_10_19,6,27.0,67.0,,,0,0,0,0,0
11390_18,8,59.0,33.0,,,0,0,0,0,0
11390_20,14,86.0,,,,0,0,0,0,0
11390_21,3,65.0,32.0,,,0,0,0,0,0
11390_22,2,40.0,58.0,,,0,0,0,0,0
11390_29,8,92.0,,,,0,0,0,0,0
11390_8_9,3,84.0,13.0,,,0,0,0,0,0
11400_10_19,3,97.0,,,,0,0,0,0,0
11400_20,5,95.0,,,,0,0,0,0,0
11400_21,1,99.0,,,,0,0,0,0,0
11400_29,5,95.0,,,,0,0,0,0,0
11400_9,80,20.0,,,,0,0,0,0,0
11410_20,70,7.0,23.0,,,0,0,0,0,0
11410_29_30,26,74.0,,,,0,0,0,0,0
11410_31,25,69.0,6.0,,,0,0,0,0,0
11410_39,25,69.0,6.0,,,0,0,0,0,0
11410_40,25,69.0,6.0,,,0,0,0,0,0
11420_8,15,78.0,5.0,2.0,,0,0,0,0,0
11420_9_10,15,85.0,,,,0,0,0,0,0
11430_9_19_21_28,5,95.0,,,,0,0,0,0,0
11440_12_16_19_28,3,97.0,,,,0,0,0,0,0
11440_21_22,3,97.0,,,,0,0,0,0,0
11450_13,5,47.0,48.0,,,0,0,0,0,0
11450_16,5,47.0,48.0,,,0,0,0,0,0
11450_17,5,38.0,57.0,,,0,0,0,0,0
11450_20,2,21.0,77.0,,,0,0,0,0,0
11450_21,5,38.0,57.0,,,0,0,0,0,0
11450_22_24_28,5,47.0,48.0,,,0,0,0,0,0
11450_29,2,98.0,,,,0,0,0,0,0
11450_9_10_19,5,47.0,48.0,,,0,0,0,0,0
11460_15_16_23_24_25_28,19,33.0,48.0,,,0,0,0,0,0
11460_26,100,,,,,0,0,0,0,0
11460_27,16,84.0,,,,0,0,0,0,0
11470_27_33,29,71.0,,,,0,0,0,0,0
11470_28,4,23.0,73.0,,,0,0,0,0,0
11480_20_29_30,18,82.0,,,,0,0,0,0,0
11480_31_38,2,77.0,21.0,,,0,0,0,0,0
11480_32,23,74.0,3.0,,,0,0,0,0,0
11480_34_35,23,69.0,8.0,,,0,0,0,0,0
11490_25,12,80.0,8.0,,,0,0,0,0,0
11490_26,55,35.0,3.0,7.0,,0,0,0,0,0
11490_27_38,22,57.0,21.0,,,0,0,0,0,0
11490_28,6,25.0,57.0,12.0,,0,0,0,0,0
11490_29,16,62.0,22.0,,,0,0,0,0,0
11490_31_33,16,62.0,22.0,,,0,0,0,0,0
11490_34_35,29,71.0,,,,0,0,0,0,0
11500_31_39_40,39,53.0,8.0,,,0,0,0,0,0
11500_38,54,40.0,6.0,,,0,0,0,0,0
11510_4_5,14,49.0,37.0,,,0,0,0,0,0
11520_2_3_7,16,42.0,42.0,,,0,0,0,0,0
11520_4_5,23,54.0,23.0,,,0,0,0,0,0
11520_6,19,60.0,21.0,,,0,0,0,0,0
11530_16_23_24_25_27,3,29.0,68.0,,,0,0,0,0,0
11530_20_22_29_30,3,97.0,,,,0,0,0,0,0
11530_28,3,29.0,68.0,,,0,0,0,0,0
11530_6_10_12_13_17_18_19_21,3,97.0,,,,0,0,0,0,0
11530_7_8_9,3,11.0,86.0,,,0,0,0,0,0
11540_1_7_8_9,27,63.0,10.0,,,0,0,0,0,0
11540_10_19,48,43.0,9.0,,,0,0,0,0,0
11540_13,26,53.0,21.0,,,0,0,0,0,0
11540_18,48,43.0,9.0,,,0,0,0,0,0
11540_6_12_16_17,22,51.0,27.0,,,0,0,0,0,0
11550_13_14,15,21.0,10.0,33.0,21.0,0,0,0,0,0
11550_15,20,24.0,35.0,21.0,,0,0,0,0,0
11550_25,11,89.0,,,,0,0,0,0,0
11550_26_35,25,48.0,27.0,,,0,0,0,0,0
11550_4,15,21.0,10.0,32.0,22.0,0,0,0,0,0
11552_13_14_15,18,28.0,54.0,,,0,0,0,0,0
11560_1_2_7,16,18.0,19.0,47.0,,0,0,0,0,0
11570_1_2,13,69.0,18.0,,,0,0,0,0,0
11581_1_2_7,12,73.0,15.0,,,0,0,0,0,0
11582_1_2_7,12,74.0,14.0,,,0,0,0,0,0
11590_10_19,28,52.0,20.0,,,0,0,0,0,0
11590_12_17,22,51.0,27.0,,,0,0,0,0,0
11590_13,27,52.0,21.0,,,0,0,0,0,0
11590_15,26,58.0,16.0,,,0,0,0,0,0
11590_16_23_24_26,63,37.0,,,,0,0,0,0,0
11590_18,48,43.0,9.0,,,0,0,0,0,0
11590_20,12,44.0,44.0,,,0,0,0,0,0
11590_21,5,27.0,68.0,,,0,0,0,0,0
11590_22,63,37.0,,,,0,0,0,0,0
11590_25,63,37.0,,,,0,0,0,0,0
11590_27_33,63,37.0,,,,0,0,0,0,0
11590_28,63,37.0,,,,0,0,0,0,0
11590_29,15,58.0,27.0,,,0,0,0,0,0
11590_8_9,28,52.0,20.0,,,0,0,0,0,0
11600_10_19,49,51.0,,,,0,0,0,0,0
11600_12_17,63,37.0,,,,0,0,0,0,0
11600_15_28,63,37.0,,,,0,0,0,0,0
11600_16,63,37.0,,,,0,0,0,0,0
11600_18,44,46.0,10.0,,,0,0,0,0,0
11600_20_29,54,46.0,,,,0,0,0,0,0
11600_21,5,95.0,,,,0,0,0,0,0
11600_23,63,37.0,,,,0,0,0,0,0
11600_8_9,48,52.0,,,,0,0,0,0,0
11610_21,27,50.0,23.0,,,0,0,0,0,0
11610_9_10_19,10,23.0,67.0,,,0,0,0,0,0
11620_20,5,11.0,28.0,27.0,29.0,0,0,0,0,0
11620_22,4,11.0,18.0,49.0,18.0,0,0,0,0,0
11620_27_33,45,20.0,35.0,,,0,0,0,0,0
11620_29_30,15,27.0,25.0,6.0,27.0,0,0,0,0,0
11620_31_39_40,14,28.0,36.0,11.0,11.0,0,0,0,0,0
11620_32_35,27,73.0,,,,0,0,0,0,0
11620_34,43,28.0,29.0,,,0,0,0,0,0
11620_38,14,28.0,36.0,11.0,11.0,0,0,0,0,0
11630_3_4_5,6,90.0,4.0,,,0,0,0,0,0
11650_1_7_8,25,16.0,59.0,,,0,0,0,0,0
11650_9,10,2.0,6.0,82.0,,0,0,0,0,0
11660_21,7,12.0,14.0,47.0,20.0,0,0,0,0,0
11660_22,14,14.0,19.0,39.0,14.0,0,0,0,0,0
11660_29,8,3.0,25.0,54.0,10.0,0,0,0,0,0
11660_9_10_19,20,17.0,34.0,20.0,9.0,0,0,0,0,0
11662_19,10,2.0,6.0,82.0,,0,0,0,0,0
11670_1_7_9,29,34.0,37.0,,,0,0,0,0,0
11670_10_19,12,24.0,14.0,50.0,,0,0,0,0,0
11670_21,15,19.0,46.0,20.0,,0,0,0,0,0
11700_2_3_7,14,31.0,55.0,,,0,0,0,0,0
11710_1,1,99.0,,,,0,0,0,0,0
11710_7,2,98.0,,,,0,0,0,0,0
11720_7,14,24.0,28.0,23.0,11.0,0,0,0,0,0
11730_1_7,13,87.0,,,,0,0,0,0,0
11740_1_7,13,21.0,3.0,8.0,55.0,0,0,0,0,0
11770_3,21,54.0,25.0,,,0,0,0,0,0
11770_4,24,39.0,37.0,,,0,0,0,0,0
11780_1_2_7,5,48.0,47.0,,,0,0,0,0,0
11790_31,10,79.0,11.0,,,0,0,0,0,0
11791_29_30,6,19.0,13.0,53.0,9.0,0,0,0,0,0
11792_29_30,5,2.0,8.0,80.0,5.0,0,0,0,0,0
13010_40,32,29.0,18.0,21.0,,0,0,0,0,0
13020_40,2,4.0,14.0,78.0,2.0,0,0,0,0,0
13020_63,2,4.0,14.0,76.0,4.0,0,0,0,0,0
13020_64,2,4.0,14.0,76.0,4.0,0,0,0,0,0
13020_65_66,4,5.0,18.0,66.0,7.0,0,0,0,0,0
13022_41_50_51,2,4.0,14.0,76.0,4.0,0,0,0,0,0
13023_51,4,7.0,16.0,69.0,4.0,0,0,0,0,0
13030_60,21,34.0,30.0,10.0,5.0,0,0,0,0,0
13030_61_63_64_65_66,4,22.0,49.0,18.0,7.0,0,0,0,0,0
13030_62,4,15.0,57.0,21.0,3.0,0,0,0,0,0
13040_32_43_44_49,7,21.0,22.0,33.0,17.0,0,0,0,0,0
13050_47_48,39,2.0,36.0,20.0,3.0,0,0,0,0,0
13050_49,4,10.0,49.0,35.0,2.0,0,0,0,0,0
13050_53,59,6.0,27.0,5.0,3.0,0,0,0,0,0
13060_47_48,6,16.0,27.0,33.0,18.0,0,0,0,0,0
13070_46_47_48,6,16.0,27.0,34.0,17.0,0,0,0,0,0
13080_32_35,15,21.0,29.0,25.0,10.0,0,0,0,0,0
13080_38_43_44,15,21.0,29.0,25.0,10.0,0,0,0,0,0
13090_53_57,6,21.0,1.0,4.0,68.0,0,0,0,0,0
13100_38_42_43,3,12.0,20.0,56.0,9.0,0,0,0,0,0
13100_39,3,14.0,35.0,42.0,6.0,0,0,0,0,0
13100_41_62,5,18.0,27.0,45.0,5.0,0,0,0,0,0
13100_44_50,3,12.0,20.0,57.0,8.0,0,0,0,0,0
13100_47,2,7.0,27.0,61.0,3.0,0,0,0,0,0
13100_49,5,12.0,13.0,65.0,5.0,0,0,0,0,0
13100_51,3,7.0,27.0,61.0,2.0,0,0,0,0,0
13100_52,6,12.0,13.0,64.0,5.0,0,0,0,0,0
13110_39,5,32.0,47.0,10.0,6.0,0,0,0,0,0
13110_42_43,3,8.0,51.0,34.0,4.0,0,0,0,0,0
13110_44,4,25.0,36.0,30.0,5.0,0,0,0,0,0
13110_49,3,8.0,38.0,47.0,4.0,0,0,0,0,0
13110_50,4,26.0,36.0,29.0,5.0,0,0,0,0,0
13110_51,3,9.0,50.0,34.0,4.0,0,0,0,0,0
13110_52,3,8.0,38.0,48.0,3.0,0,0,0,0,0
13120_44,10,17.0,27.0,44.0,2.0,0,0,0,0,0
13130_47_50_51,8,9.0,14.0,69.0,,0,0,0,0,0
13130_49_52_62,8,8.0,14.0,70.0,,0,0,0,0,0
13140_38_39_40_41_42_43_44_50,8,9.0,14.0,69.0,,0,0,0,0,0
13140_49,8,8.0,14.0,70.0,,0,0,0,0,0
13150_48_53_57_59_61,5,25.0,36.0,25.0,9.0,0,0,0,0,0
13160_54_57_59_61,6,11.0,22.0,22.0,39.0,0,0,0,0,0
13160_60,6,11.0,22.0,22.0,39.0,0,0,0,0,0
13170_48_53,17,1.0,13.0,6.0,63.0,0,0,0,0,0
13170_57_61,16,11.0,20.0,26.0,27.0,0,0,0,0,0
13170_62,6,9.0,48.0,37.0,,0,0,0,0,0
13180_48_53,5,31.0,10.0,54.0,,0,0,0,0,0
13180_57_59_61,5,26.0,2.0,4.0,63.0,0,0,0,0,0
13200_48_57_61,13,16.0,11.0,18.0,42.0,0,0,0,0,0
13210_47_48_53_57,2,11.0,32.0,55.0,,0,0,0,0,0
13210_49,3,35.0,62.0,,,0,0,0,0,0
13210_61_63,2,8.0,5.0,3.0,82.0,0,0,0,0,0
13210_62,3,34.0,63.0,,,0,0,0,0,0
13220_45,9,19.0,16.0,56.0,,0,0,0,0,0
13230_32_36_37_44_45_98,4,23.0,12.0,24.0,37.0,0,0,0,0,0
13240_60_65_66,9,9.0,12.0,53.0,17.0,0,0,0,0,0
13250_46_47_48,8,30.0,6.0,15.0,41.0,0,0,0,0,0
13260_47,15,14.0,20.0,38.0,13.0,0,0,0,0,0
13260_49,14,16.0,57.0,13.0,,0,0,0,0,0
13270_45_46_47,10,37.0,2.0,2.0,49.0,0,0,0,0,0
13280_46_99,11,18.0,37.0,22.0,12.0,0,0,0,0,0
13290_45_46_99,13,42.0,7.0,4.0,34.0,0,0,0,0,0
13300_46_48_54_55_56_99,11,18.0,37.0,22.0,12.0,0,0,0,0,0
13310_39_40_41,16,57.0,27.0,,,0,0,0,0,0
13330_56,4,7.0,4.0,3.0,82.0,0,0,0,0,0
13340_32_43_44,8,24.0,68.0,,,0,0,0,0,0
13350_55_58_60,11,18.0,36.0,22.0,13.0,0,0,0,0,0
13360_56,5,13.0,38.0,19.0,25.0,0,0,0,0,0
13370_56,5,13.0,40.0,19.0,23.0,0,0,0,0,0
13380_36,26,74.0,,,,0,0,0,0,0
13390_36_37_98,14,2.0,84.0,,,0,0,0,0,0
13400_61,60,25.0,15.0,,,0,0,0,0,0
13420_59,8,13.0,30.0,44.0,5.0,0,0,0,0,0
13430_54_55,8,30.0,6.0,15.0,41.0,0,0,0,0,0
13430_58_60,10,37.0,16.0,9.0,28.0,0,0,0,0,0
13440_41,2,22.0,3.0,51.0,22.0,0,0,0,0,0
13440_66,15,19.0,18.0,18.0,30.0,0,0,0,0,0
13441_51,35,15.0,31.0,19.0,,0,0,0,0,0
13442_51,31,34.0,25.0,10.0,,0,0,0,0,0
13460_54_55_58,13,5.0,40.0,40.0,2.0,0,0,0,0,0
13470_55_58_60,13,5.0,40.0,40.0,2.0,0,0,0,0,0
13480_37_45_98,7,4.0,16.0,67.0,6.0,0,0,0,0,0
13490_46_48_54_55_99,14,9.0,31.0,37.0,9.0,0,0,0,0,0
13500_57,12,24.0,1.0,3.0,60.0,0,0,0,0,0
13500_61,17,14.0,11.0,58.0,,0,0,0,0,0
13510_48_54_59,8,1.0,26.0,63.0,2.0,0,0,0,0,0
13520_53_54_57_59_60_61,13,3.0,24.0,54.0,6.0,0,0,0,0,0
13530_46_48_53_54_57_59_60_61,11,13.0,28.0,35.0,13.0,0,0,0,0,0
13530_47,15,3.0,36.0,43.0,3.0,0,0,0,0,0
13540_64_66,5,24.0,39.0,27.0,5.0,0,0,0,0,0
13550_60_65,6,24.0,39.0,26.0,5.0,0,0,0,0,0
13560_55_56_99,13,1.0,38.0,46.0,2.0,0,0,0,0,0
13570_46_47_55_58_99,8,30.0,6.0,15.0,41.0,0,0,0,0,0
13580_35_36,12,5.0,7.0,54.0,22.0,0,0,0,0,0
13600_56,14,9.0,22.0,47.0,8.0,0,0,0,0,0
13610_58_60,7,22.0,7.0,13.0,51.0,0,0,0,0,0
13620_41_50,14,10.0,7.0,8.0,61.0,0,0,0,0,0
13620_51_63_64_65_66,13,13.0,48.0,26.0,,0,0,0,0,0
13622_41_50,17,18.0,16.0,18.0,31.0,0,0,0,0,0
13630_47_53,17,30.0,36.0,14.0,3.0,0,0,0,0,0
13640_32_44_49,10,17.0,27.0,44.0,2.0,0,0,0,0,0
13651_40_41_50,12,5.0,15.0,68.0,,0,0,0,0,0
13651_51,7,22.0,7.0,64.0,,0,0,0,0,0
13652_41,3,6.0,4.0,87.0,,0,0,0,0,0
13652_51,4,13.0,4.0,79.0,,0,0,0,0,0
13653_41,24,27.0,22.0,20.0,7.0,0,0,0,0,0
13660_50,3,16.0,39.0,42.0,,0,0,0,0,0
13660_51_63_64_65_66,3,16.0,39.0,42.0,,0,0,0,0,0
13670_32_44,7,7.0,23.0,45.0,18.0,0,0,0,0,0
13680_46_48_54_57_59_60_61,8,16.0,24.0,40.0,12.0,0,0,0,0,0
13690_60_61_63_64_65_66,11,15.0,12.0,42.0,20.0,0,0,0,0,0
13700_53_61_62,9,14.0,9.0,68.0,,0,0,0,0,0
13700_60_63_64_65_66,9,14.0,9.0,68.0,,0,0,0,0,0
13710_32_36_37_45_98,10,10.0,22.0,54.0,4.0,0,0,0,0,0
13710_44,10,10.0,23.0,53.0,4.0,0,0,0,0,0
13720_46_99,12,21.0,46.0,14.0,7.0,0,0,0,0,0
13730_63_64,4,4.0,4.0,5.0,83.0,0,0,0,0,0
13730_65_66,6,6.0,7.0,5.0,76.0,0,0,0,0,0
13740_64_65_66,8,7.0,7.0,8.0,70.0,0,0,0,0,0
13750_60,4,8.0,52.0,33.0,3.0,0,0,0,0,0
13760_48_53_57_61,8,5.0,22.0,50.0,15.0,0,0,0,0,0
13770_60_61_63_64_65_66,3,7.0,74.0,16.0,,0,0,0,0,0
13780_37_44,11,3.0,18.0,63.0,5.0,0,0,0,0,0
13790_60_65,8,15.0,24.0,49.0,4.0,0,0,0,0,0
13800_55_99,7,60.0,3.0,1.0,29.0,0,0,0,0,0
13810_45,5,7.0,13.0,65.0,10.0,0,0,0,0,0
13820_55_58,21,12.0,32.0,17.0,18.0,0,0,0,0,0
13830_32_35_36,29,15.0,15.0,35.0,6.0,0,0,0,0,0
13840_98,22,8.0,47.0,19.0,4.0,0,0,0,0,0
13850_20,20,15.0,65.0,,,0,0,0,0,0
13850_29_30,17,15.0,68.0,,,0,0,0,0,0
13850_31_39_40_42,16,29.0,55.0,,,0,0,0,0,0
13860_66,14,86.0,,,,0,0,0,0,0
13870_55_56,15,52.0,15.0,9.0,9.0,0,0,0,0,0
13890_64_66,11,10.0,23.0,56.0,,0,0,0,0,0
13900_35_36,26,32.0,42.0,,,0,0,0,0,0
13920_35,100,,,,,0,0,0,0,0
13920_36,100,,,,,0,0,0,0,0
13930_26_34,20,34.0,46.0,,,0,0,0,0,0
13930_32_35,14,24.0,62.0,,,0,0,0,0,0
13940_39_40_41,22,62.0,14.0,2.0,,0,0,0,0,0
13940_42,22,63.0,13.0,2.0,,0,0,0,0,0
13940_44_49,20,56.0,12.0,12.0,,0,0,0,0,0
13940_50_51,7,16.0,64.0,12.0,1.0,0,0,0,0,0
13940_52,21,56.0,12.0,11.0,,0,0,0,0,0
13950_41_42_43_49_52,32,63.0,3.0,2.0,,0,0,0,0,0
13950_50,8,26.0,61.0,3.0,2.0,0,0,0,0,0
13950_51,9,20.0,66.0,4.0,1.0,0,0,0,0,0
13970_48,34,6.0,18.0,41.0,1.0,0,0,0,0,0
14000_60_61,53,27.0,7.0,13.0,,0,0,0,0,0
14000_63,52,27.0,7.0,14.0,,0,0,0,0,0
14000_64,53,27.0,7.0,13.0,,0,0,0,0,0
14010_43_44_47_48_53,58,7.0,23.0,10.0,2.0,0,0,0,0,0
14010_49,58,7.0,24.0,10.0,1.0,0,0,0,0,0
14071_41_50_51,9,1.0,26.0,62.0,2.0,0,0,0,0,0
14072_41_50_51,14,23.0,49.0,14.0,,0,0,0,0,0
14080_48,58,7.0,23.0,10.0,2.0,0,0,0,0,0
14090_50_64,45,40.0,15.0,,,0,0,0,0,0
14100_35,29,7.0,64.0,,,0,0,0,0,0
14110_49_51_52,46,27.0,27.0,,,0,0,0,0,0
14120_39_40_41_42_43_50_51,80,16.0,4.0,,,0,0,0,0,0
14120_49,80,16.0,4.0,,,0,0,0,0,0
14120_52,81,16.0,3.0,,,0,0,0,0,0
14130_47,13,23.0,28.0,24.0,12.0,0,0,0,0,0
14140_57,6,12.0,8.0,8.0,66.0,0,0,0,0,0
14151_44,82,1.0,17.0,,,0,0,0,0,0
14152_44,19,16.0,36.0,23.0,6.0,0,0,0,0,0
14160_48,26,10.0,11.0,39.0,14.0,0,0,0,0,0
14170_48,42,8.0,11.0,31.0,8.0,0,0,0,0,0
14180_47,72,4.0,20.0,4.0,,0,0,0,0,0
14200_39_40_42,31,59.0,8.0,2.0,,0,0,0,0,0
14200_41,40,58.0,2.0,,,0,0,0,0,0
14210_31_38_42_43_44_50_51,40,58.0,2.0,,,0,0,0,0,0
14210_49_52,40,58.0,2.0,,,0,0,0,0,0
14220_32_35_36_37,91,3.0,6.0,,,0,0,0,0,0
14230_32_35,96,3.0,1.0,,,0,0,0,0,0
14230_38,96,3.0,1.0,,,0,0,0,0,0
14230_43_44,96,3.0,1.0,,,0,0,0,0,0
14250_56,73,25.0,2.0,,,0,0,0,0,0
14260_58,54,9.0,14.0,6.0,17.0,0,0,0,0,0
14270_47,43,8.0,11.0,30.0,8.0,0,0,0,0,0
14280_37_44,50,3.0,46.0,1.0,,0,0,0,0,0
14290_37_45,23,59.0,18.0,,,0,0,0,0,0
14300_46,60,19.0,3.0,14.0,4.0,0,0,0,0,0
14320_45,77,7.0,14.0,2.0,,0,0,0,0,0
14340_36,29,71.0,,,,0,0,0,0,0
14340_37_98,23,60.0,7.0,10.0,,0,0,0,0,0
14350_99,25,74.0,1.0,,,0,0,0,0,0
14360_60,54,9.0,14.0,6.0,17.0,0,0,0,0,0
14360_65_66,43,12.0,45.0,,,0,0,0,0,0
14370_36,38,38.0,24.0,,,0,0,0,0,0
14380_36,87,3.0,10.0,,,0,0,0,0,0
14390_36,100,,,,,0,0,0,0,0
14400_36,33,63.0,4.0,,,0,0,0,0,0
14420_36,4,24.0,72.0,,,0,0,0,0,0
14440_41_50_51,15,35.0,37.0,13.0,,0,0,0,0,0
14450_56,16,9.0,75.0,,,0,0,0,0,0
14460_56,26,1.0,50.0,22.0,1.0,0,0,0,0,0
14470_56,11,1.0,24.0,57.0,7.0,0,0,0,0,0
14490_58_60,18,5.0,46.0,28.0,3.0,0,0,0,0,0
14500_55_58,17,6.0,34.0,34.0,9.0,0,0,0,0,0
14510_37_98,16,10.0,23.0,48.0,3.0,0,0,0,0,0
14520_58_60,17,15.0,31.0,23.0,14.0,0,0,0,0,0
14530_55_56,17,1.0,36.0,45.0,1.0,0,0,0,0,0
14540_55_56_99,17,6.0,34.0,34.0,9.0,0,0,0,0,0
14550_46_99,18,24.0,7.0,12.0,39.0,0,0,0,0,0
14570_47_48,13,21.0,17.0,28.0,21.0,0,0,0,0,0
14570_49,17,52.0,31.0,,,0,0,0,0,0
14580_37_44_45_98,13,10.0,18.0,53.0,6.0,0,0,0,0,0
14590_58,27,71.0,2.0,,,0,0,0,0,0
14600_55_56_99,11,1.0,24.0,57.0,7.0,0,0,0,0,0
14610_46_55_56_99,13,23.0,3.0,6.0,55.0,0,0,0,0,0
14660_49,26,37.0,37.0,,,0,0,0,0,0
14660_50_51,23,23.0,27.0,27.0,,0,0,0,0,0
14670_36,13,13.0,74.0,,,0,0,0,0,0
14680_46_55_58_99,14,25.0,17.0,32.0,12.0,0,0,0,0,0
14680_60,8,16.0,13.0,52.0,11.0,0,0,0,0,0
14690_31_39_40_43,14,30.0,41.0,15.0,,0,0,0,0,0
14690_38_42_49,14,29.0,42.0,15.0,,0,0,0,0,0
14700_56,16,37.0,33.0,2.0,12.0,0,0,0,0,0
14710_32_35,30,70.0,,,,0,0,0,0,0
14710_41_50,15,23.0,45.0,17.0,,0,0,0,0,0
14710_42_43,5,23.0,40.0,32.0,,0,0,0,0,0
14710_44,5,23.0,40.0,32.0,,0,0,0,0,0
14710_47_48_53_54_57_59_60_61_63,9,25.0,6.0,12.0,48.0,0,0,0,0,0
14710_49_52,15,23.0,45.0,17.0,,0,0,0,0,0
14710_51_62,15,23.0,44.0,18.0,,0,0,0,0,0
14710_64_65,9,25.0,6.0,13.0,47.0,0,0,0,0,0
14712_44,18,27.0,55.0,,,0,0,0,0,0
14720_32_35,7,20.0,73.0,,,0,0,0,0,0
14720_44_46_47_48,17,23.0,13.0,38.0,9.0,0,0,0,0,0
14720_49,16,22.0,13.0,39.0,10.0,0,0,0,0,0
14720_53_54_57_59_60,17,23.0,13.0,38.0,9.0,0,0,0,0,0
14720_61_62_63,16,22.0,13.0,39.0,10.0,0,0,0,0,0
14720_64_65_66,16,22.0,13.0,40.0,9.0,0,0,0,0,0
14730_32_37_44,10,16.0,43.0,31.0,,0,0,0,0,0
14730_36,10,16.0,43.0,31.0,,0,0,0,0,0
14730_45_46_47_98_99,22,31.0,27.0,20.0,,0,0,0,0,0
14730_55_58_60,22,31.0,26.0,21.0,,0,0,0,0,0
14740_32_37_44_45_98,14,19.0,67.0,,,0,0,0,0,0
14740_36,40,60.0,,,,0,0,0,0,0
14740_46_47_48_55_56_58_60_99,16,23.0,4.0,24.0,33.0,0,0,0,0,0
14750_41_50_51_63_64_65_66,16,23.0,44.0,17.0,,0,0,0,0,0
14760_36,2,8.0,90.0,,,0,0,0,0,0
14770_40_41_50_51,14,16.0,38.0,23.0,9.0,0,0,0,0,0
14770_63_64_65_66,13,16.0,39.0,25.0,7.0,0,0,0,0,0
14780_56,15,35.0,35.0,15.0,,0,0,0,0,0
14790_41_42_47_48_50_51_53,24,36.0,40.0,,,0,0,0,0,0
14790_52_62,15,21.0,64.0,,,0,0,0,0,0
14790_60_61_63_64_65_66,24,36.0,40.0,,,0,0,0,0,0
14800_36_37_44,8,29.0,19.0,44.0,,0,0,0,0,0
14800_45_98,8,29.0,19.0,44.0,,0,0,0,0,0
14800_46_56_58_60_64_65_66,9,17.0,74.0,,,0,0,0,0,0
14800_47,9,17.0,74.0,,,0,0,0,0,0
14800_55_99,10,16.0,74.0,,,0,0,0,0,0
14810_41_50_51_63,14,11.0,21.0,54.0,,0,0,0,0,0
14820_30,33,67.0,,,,0,0,0,0,0
14820_39_40,40,60.0,,,,0,0,0,0,0
14830_56,93,4.0,2.0,1.0,,0,0,0,0,0
14850_55_99,11,3.0,30.0,50.0,6.0,0,0,0,0,0
14860_36,46,51.0,3.0,,,0,0,0,0,0
14880_38_42_43,100,,,,,0,0,0,0,0
14890_55_56_99,19,70.0,8.0,2.0,1.0,0,0,0,0,0
14900_36,8,92.0,,,,0,0,0,0,0
14900_37_98,72,28.0,,,,0,0,0,0,0
14900_55_56_58_99,57,26.0,6.0,11.0,,0,0,0,0,0
14900_60,57,26.0,6.0,11.0,,0,0,0,0,0
14900_65_66,11,16.0,73.0,,,0,0,0,0,0
14920_41_50_51_52_63,22,22.0,56.0,,,0,0,0,0,0
14930_41_42_44_50,8,60.0,28.0,4.0,,0,0,0,0,0
14930_52_62,8,59.0,30.0,3.0,,0,0,0,0,0
14940_41_50_51,8,56.0,31.0,5.0,,0,0,0,0,0
14940_63_65_66,47,29.0,11.0,13.0,,0,0,0,0,0
14940_64,47,29.0,11.0,13.0,,0,0,0,0,0
14950_20,33,67.0,,,,0,0,0,0,0
14950_27_33,20,80.0,,,,0,0,0,0,0
14950_30,33,67.0,,,,0,0,0,0,0
14950_31_39_40,47,53.0,,,,0,0,0,0,0
14950_35,100,,,,,0,0,0,0,0
14950_36,100,,,,,0,0,0,0,0
14950_38,47,53.0,,,,0,0,0,0,0
14951_26_34,100,,,,,0,0,0,0,0
14952_34,96,4.0,,,,0,0,0,0,0
15010_58_60,8,33.0,16.0,26.0,17.0,0,0,0,0,0
15030_25_27,56,42.0,2.0,,,0,0,0,0,0
15030_26,56,42.0,2.0,,,0,0,0,0,0
15040_25_27,95,5.0,,,,0,0,0,0,0
15040_32_35,100,,,,,0,0,0,0,0
15041_26_34,100,,,,,0,0,0,0,0
15042_26_34,66,7.0,27.0,,,0,0,0,0,0
15060_37_44,3,15.0,51.0,31.0,,0,0,0,0,0
15070_44,15,3.0,37.0,43.0,2.0,0,0,0,0,0
15090_45_47,10,19.0,16.0,55.0,,0,0,0,0,0
15100_45,13,10.0,31.0,40.0,6.0,0,0,0,0,0
15130_45,3,12.0,53.0,32.0,,0,0,0,0,0
15170_42_49_50,32,9.0,39.0,9.0,11.0,0,0,0,0,0
15180_43_47_49_52_62_63_64_65,11,16.0,73.0,,,0,0,0,0,0
15190_32_35_36_37,14,6.0,4.0,58.0,18.0,0,0,0,0,0
15230_32_35,2,6.0,10.0,13.0,69.0,0,0,0,0,0
15240_35,7,15.0,78.0,,,0,0,0,0,0
15250_35,35,65.0,,,,0,0,0,0,0
15260_64_65_66,14,11.0,21.0,54.0,,0,0,0,0,0
18040_79,16,84.0,,,,0,0,0,0,0
18060_79,100,,,,,0,0,0,0,0
18080_79,5,10.0,16.0,60.0,9.0,0,0,0,0,0
18090_79,5,5.0,9.0,74.0,7.0,0,0,0,0,0
18100_79,8,7.0,13.0,66.0,6.0,0,0,0,0,0
18110_79,8,16.0,76.0,,,0,0,0,0,0
18130_79,3,21.0,16.0,35.0,25.0,0,0,0,0,0
18140_79,2,15.0,12.0,13.0,58.0,0,0,0,0,0
18151_79,9,11.0,50.0,30.0,,0,0,0,0,0
18160_79,2,14.0,12.0,12.0,60.0,0,0,0,0,0
18170_79,3,11.0,35.0,51.0,,0,0,0,0,0
18180_79,2,16.0,82.0,,,0,0,0,0,0
18190_79,5,95.0,,,,0,0,0,0,0
18200_79,17,83.0,,,,0,0,0,0,0
18210_79,8,2.0,6.0,14.0,70.0,0,0,0,0,0
18220_79,3,97.0,,,,0,0,0,0,0
18230_79,3,97.0,,,,0,0,0,0,0
18240_79,9,91.0,,,,0,0,0,0,0
18250_79,5,95.0,,,,0,0,0,0,0
18260_79,8,34.0,58.0,,,0,0,0,0,0
18270_79,5,15.0,80.0,,,0,0,0,0,0
18280_79,2,8.0,90.0,,,0,0,0,0,0
